Option;Moyenne;Rang;dernier;total
IAP;12.659382352941;1.1176470588235;0;34
IAC;12.701446153846;1.1384615384615;0;65
HPDA;10.8377;1.35;0;20
DS;14.194742857143;1;12.549;35
FT;11.556171428571;1.3714285714286;9.535;35
BI;10.961137931034;1.6206896551724;0;29
VISUA;12.632941176471;1;8.768;17
ICC;13.759421052632;1;10.291;19
INEM;13.54475;1;10.29;20
CS;12.657063492063;1;0;63
MMF;10.469769230769;1;0;65
ACTU;9.3826666666667;1;4.927;9
